application_id,target
102531,0.8861937831574734
107213,0.7942427249473282
100238,0.4388822751761244
104918,0.5804067460898413
106480,0.6586375662032805
101134,0.17716600530858465
105902,0.23083994711276457
108091,0.248349867749709
104260,0.18950066139407407
108432,0.23848214288055558
108980,0.2624338624599736
108513,0.09390211641112435
107360,0.5099669312690741
105657,0.30729166669769836
107550,0.791868386323069
108525,0.44853835983280427
105908,0.5893915344506216
102979,0.6312037037669974
107746,0.8187466932040344
105525,0.38698082014439156
107528,0.4451421958116799
106622,0.4487301587747223
107303,0.08870039683392858
103920,0.8805191799823546
103139,0.017248677250185186
108473,0.2615773809784127
105790,0.18415013229342592
104074,0.6554695767851323
103288,0.7259391535118123
103230,0.284742063520873
101827,0.660363756680225
105549,0.6172288360404232
100594,0.016461640213227515
102726,0.48017195772116406
104138,0.3234226190795635
100561,0.3099570106128043
107664,0.6563822751978704
106904,0.9689517196737831
100244,0.4135416667080556
105436,0.07700396826126985
104438,0.20195105822089945
106803,0.05520171958203703
100406,0.32404761907944446
101443,0.7030687831390213
100262,0.2971130952676984
106580,0.37715939157209
108578,0.27098214288436506
101690,0.9207539683463494
101726,0.037364417992711646
107981,0.766464947166852
104931,0.8294146826228572
105963,0.38280753972067466
102497,0.5117361111626985
106107,0.005919312169867726
106596,0.33974206352579367
100341,0.9566534392488757
106842,0.8531382275984657
101602,0.4078902116805688
106860,0.06430886243989418
105783,0.5344841270378968
104577,0.7229100529827512
103726,0.7629629630395106
102557,0.04036044973914022
102786,0.3653009259624339
101524,0.9884755291994577
108052,0.9831481482464816
102832,0.8471461641058069
101013,0.5661706349779763
106909,0.3104794973852513
107913,0.5143154762433334
101767,0.7000330688532276
104552,0.8332771164856482
106550,0.15190806879771165
104038,0.15311838625818783
106706,0.38441798945636246
108969,0.10014880953357143
107938,0.22493716933439156
108683,0.6175330688450927
100364,0.3912764550654233
105368,0.3798908730531746
108950,0.9254332011509393
108170,0.9328703704634657
108503,0.825396825479881
104726,0.6695866402785847
104444,0.9117757937421429
107802,0.49631613761653437
108623,0.08505291006112435
102563,0.8099239418802514
106858,0.025899470901693124
108639,0.470810185231971
105520,0.12031084657267198
108648,0.668214285783373
103084,0.10301917990429896
102960,0.014163359789550268
102103,0.7916071429362301
100633,0.5439814815361244
102494,0.8479861111961906
102666,0.8473346561693388
107198,0.6615145503308598
104407,0.8068485450542197
107199,0.4337830688263228
107758,0.6420436508579762
102335,0.5416269841825794
107509,0.9409623016812699
103620,0.10775462964014551
105562,0.22835648150410057
103884,0.02611441799160053
106660,0.5506646825958731
104212,0.15759589948665345
108552,0.16616071430234125
101495,0.25183862436386245
102402,0.24249669314593916
103875,0.7845502646288758
101233,0.2797056878589815
102662,0.5192427249197884
102818,0.3102017196079101
106700,0.8209126984949603
102775,0.7068948413407142
108832,0.8957341270738889
107769,0.1921461640398545
104154,0.3674173280793122
107302,0.2854431217217725
103062,0.8507473545825529
100067,0.8115707672782276
108951,0.1254596560971561
101736,0.3043783069088228
102824,0.9537764551220105
106293,0.8194543651618651
107467,0.8413029101370767
106731,0.5192361111634524
102476,0.43795634924956345
102565,0.3420238095577381
108985,0.8723280424155028
103714,0.06406415344502646
108326,0.6147222222836906
100708,0.6893981482172752
103047,0.4161144180302514
108260,0.4391931217362567
105190,0.3892063492450398
107475,0.2550396825652381
105473,0.7001388889590873
100073,0.9014715609368387
106019,0.8862533069677118
104449,0.9204596561769975
105861,0.9721494709967725
104840,0.6976421958368387
104132,0.2632175926188624
105102,0.5015244709495106
101191,0.624811507999008
106432,0.5975462963562567
102602,0.8039814815619973
101126,0.8027513228315214
101242,0.6848710318142461
107580,0.43093253972503975
103603,0.9579001323709657
108071,0.38294642860948414
107350,0.41069775136322756
103352,0.07747023810273809
105095,0.08675925926763228
106603,0.9759358466585846
104009,0.5456018519068123
101578,0.24066798944175927
103907,0.8928306879202118
103730,0.6231283069406481
104359,0.6306646826028969
105923,0.21577711642398148
101344,0.44619378311294977
108989,0.7863425926712434
107449,0.08754960318309524
100441,0.4293088624766005
101101,0.17670965610231484
102638,0.4607539682999207
106921,0.5491534392094313
100650,0.9975330688828307
101547,0.8905720900362962
108084,0.9187202381873016
107474,0.16209656086255292
102853,0.9209060847482674
103504,0.5397453704248544
107067,0.9232208995633996
100631,0.5926256614348281
104769,0.2136408730365873
101250,0.5443022487321296
107438,0.9168253969170238
100483,0.3131183862747354
101585,0.7864517196557277
104677,0.8293055556385714
106386,0.8483035715135319
101463,0.5331183862968387
103041,0.5020006614261773
105011,0.7335383598620899
107536,0.7531283069535846
103274,0.2541964285969047
103684,0.964808201154828
104146,0.9736342593567989
108761,0.280740740768955
106919,0.4854761905253175
104955,0.7339351852587567
103226,0.92494378316168
101073,0.03420965608771165
104816,0.6080787037646561
108888,0.22416666668873014
102632,0.7882539683326986
101661,0.13858796297641537
105753,0.19450727515160054
102426,0.3302050264876852
105080,0.3477447090292328
108220,0.24979166669170638
105903,0.8251554233632805
107445,0.07265211640914021
103098,0.04782076720001323
103977,0.5245370370908864
101244,0.14274140213017197
101301,0.2302248677474471
106285,0.3665806878675529
106978,0.1943518518709392
105482,0.8272784392363757
107755,0.06733134921293653
105496,0.17633597885328042
105292,0.5301488095767857
101409,0.7519312170064154
101846,0.881855158818889
101799,0.5657208995276058
103958,0.5726917989990609
101476,0.13085648149457674
107101,0.103707010592209
100036,0.4500628307329498
107453,0.17576719578445768
106442,0.22142857145039682
100445,0.2702943121962963
102360,0.23515542330363756
103655,0.008650793651626984
106303,0.8366071429408334
107686,0.10600529101568784
103180,0.8329861111945636
101287,0.14081018519875663
107282,0.43912698417051593
104446,0.6675066138233995
103417,0.7986673281223678
102138,0.040552248680899475
102637,0.28126984129785715
104017,0.2673313492328968
104098,0.4584060847016006
101682,0.8152546297111376
108774,0.36042989421568783
107598,0.9816666667648413
105768,0.5312599206883334
106793,0.40789021168048945
105276,0.2914120370660846
101693,0.88063822760168
107236,0.7680952381724604
107795,0.7920171958465212
103636,0.6357175926564815
100373,0.6525198413349603
107525,0.42784722226515864
106013,0.4242691799365212
105454,0.576994047676627
105922,0.2269642857365873
104883,0.2542956349463095
104566,0.4655357143318254
100141,0.8453306879154896
104885,0.38144510585752645
104420,0.904001322841918
108979,0.05785383598427248
108040,0.48420304237709
100715,0.09716931217855822
105924,0.5224570106344709
106543,0.8687136244256878
105244,0.34528439156939156
103189,0.6989682540382144
108426,0.4626653439623678
104432,0.20213955028451058
108944,0.5117989418500926
100407,0.3265906084978704
100021,0.48726190481107146
101005,0.354791666701746
106891,0.10388888889884922
104987,0.08978174604043652
102412,0.3446957672298942
102546,0.4089682540084921
108696,0.043839285718253976
102391,0.5042658730667858
107862,0.7594874339382672
100043,0.628501984189881
102831,0.3099140211948942
105860,0.9444444445388493
103372,0.43621362438199734
103023,0.9846660053894974
103365,0.0637929894243783
104400,0.9635945768160847
105253,0.7119212963674074
100012,0.9173247355415609
104761,0.9370998678187963
101178,0.6903240741432805
106773,0.3295899471223677
101948,0.5374470900024472
102502,0.8507506614606615
108345,0.740224867799074
102864,0.35309523813000004
107433,0.4180257936927381
103866,0.7563756614513759
106229,0.4108333333737301
101027,0.2508664021417196
103849,0.359427910089299
102990,0.3113591270151984
100962,0.7244940476919841
102890,0.7553042328797488
103016,0.24069775134679897
103339,0.94739417998918
106106,0.5985383598481216
106246,0.5056613757140345
107218,0.44124007940876986
106435,0.3747652116778704
106935,0.9026521164925926
100736,0.7998247355296165
104401,0.0832870370450926
101441,0.49482142862099204
108770,0.5015310847062832
108582,0.867410714373016
102876,0.0872023809607143
103987,0.6316203704334656
100917,0.5614583333898017
108200,0.624880952443373
107637,0.09202050265435187
104090,0.272549603201627
108625,0.1821560846741799
107646,0.942397486866693
102773,0.4155720899885979
101625,0.3848445767578704
107757,0.07352843916054234
100822,0.6611243386905687
101368,0.4597817460775397
103713,0.16226521165628308
108866,0.44441137570546296
101389,0.8044279101335053
100851,0.18949074075939154
101001,0.44554232808669314
108842,0.8510879630480027
107464,0.42248677252879635
104115,0.41101190480301597
101638,0.025095899473161376
101668,0.940353836072963
104590,0.47725529105259257
103174,0.20598214287738098
108706,0.9763955027432011
101348,0.594477513286799
107643,0.625271164083783
103231,0.726921296368836
108125,0.5979464286312302
108895,0.5912698413287698
107529,0.3634887566503439
104784,0.9142691799856085
107648,0.47265542332808197
103233,0.9095866403028703
105705,0.5409920635464286
108592,0.06770502646185186
100704,0.6840674603861111
105106,0.3076421957978307
107803,0.48903769846210327
103292,0.7278075397557142
103674,0.8111805556367461
102409,0.8114252646313758
108619,0.7860218254752381
101328,0.9032308201966933
108665,0.16590608467251325
105774,0.2383167989652513
106096,0.9349801588236907
105407,0.908184523900635
108022,0.9507374339577909
106084,0.8160085979651851
104910,0.6888392857831349
104441,0.611269841330873
108802,0.5190740741270106
100987,0.2492162698663492
107771,0.53924603180127
103953,0.025876322753703707
108303,0.008349867725582012
108100,0.8196097884424868
104050,0.1280059523936508
106258,0.21333002647601854
103486,0.7682275133045371
106090,0.6954662699107937
102475,0.12259259260469577
105239,0.6468055556201985
106455,0.8094973545782674
103874,0.9348644180829102
101199,0.8762566138445503
104182,0.15120701059657407
101519,0.47226521168739416
108116,0.45279431221427247
105478,0.18414351853685185
106813,0.17710648149902117
101800,0.12610449736683862
101015,0.49855489422989424
100129,0.7711243387018387
101365,0.4748544974016005
107538,0.3856349206730953
104471,0.5389649471445503
100892,0.4836144180377514
102794,0.13137896826678575
101970,0.35045634924099206
105456,0.7985449736249737
104404,0.4435813492500001
105758,0.5455820106367328
106528,0.10261243387247355
106295,0.11127314815914024
103924,0.23902116404505291
105414,0.4320370370797354
108292,0.8837929895066006
103250,0.463981481527553
106571,0.9784424604155556
106639,0.6222916667289285
108243,0.8107275133085451
101209,0.8287070106653042
103869,0.03495039682873016
108498,0.8236640212463228
104066,0.3477480159075
108273,0.6048247355122752
107432,0.660102513293545
101240,0.011841931218002649
102290,0.24484788362288362
102741,0.3382837301921826
100276,0.6046329365684127
104586,0.5903538360375266
101036,0.856154100614775
101230,0.4424570106260582
106835,0.7733068783845767
101009,0.5674603175170636
107977,0.1033895502744709
105179,0.9871527778764285
103829,0.8148710318277778
102533,0.7305753968985318
104294,0.4261937831108862
101059,0.7216865080088493
106263,0.2728637566412566
107277,0.5994146825995634
100282,0.6046230159333332
101044,0.3061607143159921
101317,0.985416666765238
106655,0.1135681217044709
100969,0.5860714286300793
102382,0.6787863757291536
107809,0.3063888889192064
101940,0.2860085979120899
107046,0.8150363757431616
101275,0.5935515873609127
100620,0.34476521167449736
107121,0.11076388889996032
101743,0.18076719578501324
101391,0.4642493386704895
107970,0.717592592664418
105944,0.032470238098253966
101580,0.44158730163087306
101656,0.5263657407961375
103569,0.942294973639061
102353,0.32926917992656085
102213,0.8498809524662699
106117,0.8259986773315741
108973,0.2847850529387434
106053,0.9908035715275794
103179,0.5531646825961111
103193,0.3741468254343651
101308,0.05013888889353175
106100,0.08954034392399471
100576,0.0960912698504762
102361,0.4601388889345635
106657,0.14949735451164023
105803,0.2980720899768519
107708,0.4867791005777117
107380,0.06303240741316138
101281,0.5385780423820107
107964,0.7209060847281878
104958,0.6003339947690344
108095,0.6659358466272355
105898,0.06943783069457672
105725,0.14962962964387566
101994,0.9169047619963492
102640,0.2545039682794841
100270,0.7391567461056746
100630,0.15989417990985452
107265,0.22714947092181217
103082,0.6733796296966932
103467,0.934153439246733
106431,0.7648379630396297
108376,0.2671130952646032
104397,0.06596891535026457
104024,0.4832109788842328
108752,0.7390608466352117
105544,0.788677248756217
105569,0.7637400794418254
102047,0.8048214286519049
104357,0.32144510585228836
107683,0.8114186508747224
102114,0.6347784392171297
100028,0.7424834656829896
102041,0.4746031746505159
103929,0.7998148148947751
102939,0.9671924604142461
103217,0.05201388889380952
104934,0.4273611111535715
103815,0.9563359789317328
100130,0.06337632275763228
107269,0.6062566138171693
106105,0.6392890212278307
102279,0.3750727513603307
104600,0.4231580688247751
100014,0.9935681217924075
108293,0.9946395503642727
104477,0.23352513229822752
108192,0.5703869048189683
101526,0.42856481485695763
102366,0.6599305556213494
104649,0.782076719655172
103053,0.10343584657084656
104006,0.015925925927314816
106981,0.17646164022910052
102341,0.6254563492692858
100375,0.49001984131876986
107147,0.5467427249235978
106478,0.07857804233582011
100526,0.6491005291655291
100940,0.9667658731125398
103370,0.2879894180181482
105719,0.9095601852763757
104574,0.5369808201601456
106896,0.8352380953219048
102148,0.8200826720396959
103592,0.48709986777371694
107737,0.6990046296993518
108554,0.5903902116992196
102959,0.4752149471380424
106165,0.09496031746948413
103624,0.47799272491625666
100530,0.12226521165239415
103715,0.40201388892865086
107647,0.6308564815448149
104733,0.5429530423833597
101270,0.6381613757251455
104282,0.7112764550977645
101395,0.5118650794161111
104851,0.7338128307612036
104010,0.0018783068784656086
104391,0.48441798946648146
101798,0.1346064814946164
102980,0.0655588624400926
101442,0.20177248679236776
108188,0.49258928576388883
102626,0.5203472222745239
103812,0.45297949739957677
105632,0.6136937831301323
108337,0.5826223545556483
101274,0.6061937831291403
108026,0.5727579365656349
104704,0.1264120370496561
101713,0.4881845238584921
108777,0.21505621695236776
100956,0.15087962964399473
106676,0.8619378307743784
107263,0.05219907407895502
107819,0.23282407409708994
108435,0.7822023810305954
108606,0.4215079365503571
107601,0.8972189154339948
100404,0.07734788360534392
102072,0.5855820106406217
108763,0.6851091270523809
101978,0.4569973545432275
100159,0.061365740746415355
105845,0.5022585979339551
107006,0.8420998678091137
103889,0.7434689154183203
105452,0.7954530424076058
100903,0.9581316138524075
100353,0.3390013227848545
105327,0.4358597884028439
106079,0.9406216932160584
106237,0.9753968254942461
104541,0.5398247355056482
104131,0.3609920635283333
100755,0.8575826720439815
105834,0.04713624339052911
102972,0.7231084656812038
101083,0.059414682545277785
102921,0.7767592593371959
100312,0.7740178572205161
104645,0.8159788360607408
100662,0.0005257936508333334
107058,0.2906117725157408
101990,0.14915013228965607
103666,0.21133597885657407
100307,0.2682341270108334
102336,0.7487169312919709
104791,0.4991137566650265
102357,0.9249702381879364
103703,0.6734160053582277
103805,0.5032903439656614
101928,0.7013293651497222
108907,0.42022486776705026
103428,0.15180555557075398
100750,0.05054232804705027
103639,0.7268981482210054
107133,0.6501091270492858
101267,0.5823644180475926
107174,0.027705026457328044
107442,0.14599206350607144
102957,0.7711044974318784
103596,0.06889550265240742
102135,0.398055555594881
105067,0.8180919312986376
104110,0.7361441799679894
104970,0.23450066139895503
104905,0.32990079368357145
100515,0.7343783069520768
100895,0.6133597884213361
100410,0.47656415348657405
107399,0.2734523809798413
108981,0.7953968254763494
103462,0.952913359883836
100900,0.6835449736134259
100208,0.1619576719737037
107965,0.23936838626711643
100459,0.10885912699496032
102055,0.6834325397505954
102431,0.21980820107986776
100251,0.014613095239365081
108264,0.6434755291650133
105438,0.8766005291885053
101108,0.4177546296705424
107945,0.13355489419326722
105980,0.7420866402860846
101714,0.05002645503113757
103912,0.18241402118207672
107880,0.7588723545733068
100716,0.24991402118917988
100553,0.7381580688566798
101440,0.7665773810292065
102271,0.9442328043271295
103145,0.8594312170176455
106918,0.9789451059180423
102057,0.46832341274539685
101926,0.3808300264930027
100635,0.8928670635816668
106083,0.27016534394240743
100317,0.245486111135754
108335,0.06396494709621695
108709,0.32082671960842596
105425,0.5719808201632011
100428,0.9999140212640212
107278,0.6638425926587037
100106,0.5152744709513758
103042,0.3652843915705423
104239,0.16371693123324074
102170,0.6015873016474206
101710,0.3984060846960847
100090,0.8658234127855952
107015,0.9248048942728309
102242,0.4540476190929762
103175,0.7329001323486245
107319,0.7545238095992461
106260,0.2133928571636508
106733,0.5843419312752646
101950,0.9035185186091932
104045,0.018217592594219578
108860,0.6105522487383995
102849,0.06921626984797619
106369,0.15883267197326723
100002,0.6890310847252513
106140,0.9612103175567858
104338,0.3154563492379762
106048,0.27281415346685184
100936,0.8557341270705954
100714,0.9476686508885713
102721,0.18440145504458996
108957,0.6770271164699736
105206,0.6681415344584393
107502,0.9182969577639022
100592,0.1053472222326984
108829,0.9460350530047752
107357,0.5787334656664817
102937,0.11454695768338626
108514,0.5676984127551985
102449,0.4137533069189022
101577,0.2188492063707937
107877,0.5722420635492858
108169,0.9371395503582011
100214,0.29837301590269844
100779,0.04730820106252645
105512,0.45212632279620374
103497,0.956296296391971
107678,0.9360879630567329
102044,0.7128571429284922
108760,0.8463525133120766
108551,0.5406646825951985
105421,0.37119378310600537
106155,0.6398412699053969
101568,0.32766534394740743
100166,0.7569047619803969
104703,0.030056216933835977
103567,0.7023247355202514
107498,0.9803373016855159
108765,0.6387566138208994
105440,0.9913492064484127
102014,0.21802910055060845
100274,0.8856084656973545
103861,0.5491104497912037
104168,0.2523412698664682
107810,0.6186706349823811
103789,0.7558730159486906
105184,0.38259259263021167
100395,0.9611640212602911
100584,0.719434523881508
108919,0.8714318783945371
108987,0.648551587366627
100117,0.8415839947934391
106645,0.49250992068456345
108041,0.14993055557
106870,0.727860449808664
108955,0.18319444446242064
108938,0.7699338625112037
107922,0.5101157407922091
100521,0.2314318783296164
101764,0.8970535715186905
101876,0.8098048942610451
105356,0.7408432540423017
103966,0.5117989418502911
103345,0.21465939155566138
106599,0.2389947090191138
102254,0.7531481482233864
106878,0.8585284392395107
103225,0.5434722222766667
100527,0.02879629629887566
108109,0.8700297619921429
102947,0.15806878308406086
104474,0.16919642858841272
103900,0.10942791006358465
105656,0.6855654762590079
100693,0.16005291006870373
106060,0.4073809524210318
100960,0.6609755291666798
104445,0.1895568783253307
108481,0.9465277778725794
106343,0.00821759259346561
106132,0.04839285714730159
103634,0.23655092594925928
105806,0.009464285715079367
101051,0.4559226190930556
100591,0.16271825398464285
100520,0.7182242064209127
103381,0.7363591270579763
103677,0.8567691799799736
105777,0.5529398148706085
108063,0.39811838628318785
106574,0.7369212963703836
105180,0.5306547619578572
101608,0.7549272487526059
103611,0.046726190480357144
108780,0.9925694445438096
106636,0.9729001323725134
108998,0.19729497356473547
101810,0.4429001323190212
100792,0.27997685187982807
100793,0.40824735453834654
108046,0.39048941802767195
101856,0.9589649471860583
101981,0.45020833337825394
103234,0.4362070106248678
103599,0.17247354499048945
100934,0.0305390211666799
103964,0.6242063492691666
107291,0.19279100530993387
105627,0.4703571429040873
105507,0.48209986777411384
106073,0.8746097884475267
101683,0.1943882275327513
104180,0.9978406085654498
104027,0.2852876984411111
108444,0.8917394180785847
106447,0.32578373019186513
104117,0.4869411376154233
100989,0.9531779101483068
107554,0.34407407410839946
108262,0.06111111111702381
103454,0.2951620370664418
102897,0.9922056879298148
103779,0.017321428573095238
105659,0.4869246032232937
108203,0.7996031746832938
103094,0.049507275136838634
103156,0.11357473546100531
105070,0.8943849207249207
105807,0.7110317461028969
103202,0.07676587302325397
107903,0.3185681217245899
108657,0.5162103175119841
101099,0.5320965608997354
108130,0.2161739418200529
102845,0.3617129629987169
100887,0.5005324074573281
103343,0.05472222222742064
107594,0.5748280423855027
106541,0.7856613757400662
108409,0.6932473545666799
106097,0.9450132276079893
100516,0.11191137567256614
103357,0.4064682540088096
104834,0.701663359858836
101454,0.399378306917791
103554,0.45336970903974866
103610,0.4932440476685715
108935,0.025992063494206352
104666,0.3339649471231217
102507,0.2884623016161508
102995,0.30485119050642856
104000,0.7247817461040477
106223,0.6612632275799339
108741,0.5172718254483333
108906,0.5958730159325794
100907,0.9370138889824604
100029,0.7162764550980424
108295,0.9452447090893121
102508,0.6695535714969842
102429,0.9045171958581483
105044,0.31223214288829365
105347,0.48060515877817467
100763,0.7545469577475132
103748,0.3250628307212434
104812,0.06407076720171959
100285,0.9002116403018388
100687,0.10764880953436509
104800,0.8558201059060582
102354,0.7583564815572753
106354,0.85937500008627
107874,0.8379761905600793
104570,0.7122420635634524
100022,0.6054761905367857
102753,0.7116765873728174
100886,0.2384424603412699
108379,0.7242195767919973
100918,0.48750661380534394
107676,0.8726355820981615
101041,0.19703373017833334
106336,0.47669973549699735
107764,0.2261640211862831
101266,0.06140542328621693
104580,0.07744708995462962
108332,0.792089947169352
107060,0.19156084657981481
108660,0.1918716931404233
100278,0.8022453704506483
105085,0.9420403440093916
102085,0.9070734127894843
101246,0.9374966932153836
102383,0.6576190476848016
100572,0.20939484129035713
101436,0.9443716932162171
103903,0.59873015879
105090,0.27107804235530425
101248,0.000664682539761905
107354,0.05727513228017197
104682,0.27011574076804235
103527,0.33196097886959
106558,0.44033399475240753
102515,0.3348313492396428
105446,0.20675264552300265
101008,0.3558002645862963
104771,0.30111772489760585
106509,0.3323842592921958
107000,0.6561673281078043
104544,0.6982076720275132
107382,0.944682539777103
107677,0.08058531746793651
104456,0.11417328043478836
102065,0.6965145503340344
105353,0.9180522487692725
107729,0.4020800264951455
101691,0.8158862434683467
103118,0.2591699735707275
108555,0.477208994756455
105344,0.8771197090827647
101986,0.05443452381468254
100295,0.7184457672679101
101548,0.15541005292493387
102013,0.4692658730625
100589,0.44469907411847887
103330,0.299057539712381
102404,0.47911706353976186
102130,0.7019444445145635
103999,0.971283068880291
101575,0.515664682591111
103742,0.24203042330498684
103509,0.9321759260189421
108290,0.7595667990178704
102720,0.12863425927179895
104522,0.41713293654880956
106679,0.3464285714639287
105151,0.15729166668182543
102809,0.01738425926096561
108577,0.6043386243990609
100557,0.9759523810499603
106277,0.6780720900146296
107860,0.785499338702672
104796,0.6524900794316271
102470,0.8844212963849473
103739,0.3772718254340874
104287,0.6147321429184524
108055,0.19523809525750002
105290,0.09637896826329367
101717,0.9005985450637831
102605,0.5977843915940743
108070,0.16661044975203707
106925,0.6213392857775397
101705,0.9077612434772752
106960,0.628736772549947
106715,0.7255026455752644
106497,0.18149801589091272
102140,0.3012764550563757
103240,0.7127017196483466
102384,0.9590376985086508
107315,0.17745701059962962
104312,0.47816137570891537
101286,0.870469576806799
101313,0.29234126987035713
107760,0.2687830688096561
101997,0.6627777778441271
103931,0.9465476191424604
106184,0.6084457672567594
105986,0.42018849210503967
107417,0.23561507938833337
101592,0.8776785715165875
108710,0.8900066138457011
108447,0.4002843915741138
102163,0.44033068787445767
102397,0.37524140215485463
100318,0.14055224869109786
106368,0.499646164071045
108497,0.7535350529853705
103112,0.47215608470294973
105234,0.7115542328753043
107817,0.3342791005621561
105069,0.9934656085649339
104037,0.9760284392510978
100796,0.7077380953090873
103021,0.6752215609137434
101712,0.5041236772991535
103388,0.557662037093426
100037,0.9191600530021958
104550,0.9124074074987963
100914,0.9487500000950796
105722,0.27438161378403436
105296,0.5323842593122753
103973,0.8928670635815478
105371,0.1482572751467593
106472,0.5430820106365345
104134,0.6641435185849471
100975,0.29272156087576723
107292,0.35679232807780425
100984,0.9238458995635583
107826,0.03315806878596561
107989,0.9027182540590081
101419,0.6133531746653968
108099,0.4182341270254762
101561,0.5627910053481482
104136,0.7990310847358071
105583,0.2596494709253439
108168,0.27961970902288363
104266,0.9973809524808335
101356,0.5234160053448148
108371,0.5906481482071164
105017,0.3617294973900926
108755,0.5235416667192063
100988,0.9753604498330688
102683,0.6842592593277513
105048,0.04582010582415344
101641,0.022271825398809526
101291,0.16045304234387567
103682,0.5560218254529762
101381,0.07211640212346561
101934,0.6360449736087037
104676,0.5804133598462963
102377,0.007883597884074075
103161,0.13280423281728837
102031,0.40653108469727517
100893,0.7783101852632408
107288,0.2616832010843519
104877,0.8599173281286773
104070,0.3780555555929365
104256,0.8586706350068255
100003,0.6705621693789948
108105,0.7743220900249074
108439,0.7020634921337701
102110,0.43316137570395513
100850,0.6684523810192461
102738,0.21384589949220903
102467,0.3865310846944974
101915,0.4983630952882539
101597,0.12155753969452383
105873,0.9421626985068651
101914,0.16991071430281748
105140,0.5851025132857673
108725,0.4984821429069444
105641,0.3520767196114021
102737,0.5409259259807673
100727,0.9004794974448148
107215,0.18243716933042328
100054,0.04282407407800264
101797,0.047536375665740746
103846,0.03705357143198413
106008,0.0038492063494444447
106403,0.4562334656541005
102554,0.007585978836653439
102801,0.2296792328267328
100937,0.8418750000841271
108068,0.8308366402947752
100825,0.07705026455768518
104322,0.31162367727978835
107275,0.50179894184918
103402,0.8689451059076059
101390,0.19776785716257939
103565,0.5252447090498678
107411,0.5622387566703043
100885,0.0691170634988492
105430,0.0972056878400926
105704,0.11039021165112435
105691,0.1767791005464815
104868,0.9843287038021166
106708,0.40853505295021164
107774,0.2680191799205291
106370,0.2383531746265476
101869,0.6669246032413493
105182,0.36116402120056873
100011,0.9285383598811774
103416,0.06311507937115081
105422,0.5733961640792196
107487,0.3971693122089947
101464,0.0971031746125397
100807,0.35552248680847887
107980,0.2409259259500529
108117,0.9518783069738228
104069,0.355644841305754
102109,0.8905489418880689
108226,0.8546990741603043
102042,0.24728505293497355
102235,0.3681316137932804
107308,0.7133498677960582
100964,0.8304332011414551
107512,0.1274305555679762
107671,0.11502645503792329
104495,0.005486111111468255
102633,0.16168981483068784
106095,0.5444477513778705
107093,0.3953968254359524
100705,0.47567460322198407
100432,0.2534788360042725
104389,0.6753373016546033
106078,0.4024867725266931
100146,0.7174239418706879
106468,0.3353769841601984
102034,0.17133597885304233
100376,0.7397321429313889
101166,0.2507341270092461
103501,0.3924041005684656
102051,0.48624007941353176
103761,0.12046296297510582
102625,0.7582572752082674
104485,0.10468584657108466
104436,0.9229398149070369
107800,0.05466269841793651
108927,0.7832705027240742
107070,0.5671097884167329
104362,0.3518088624689815
102425,0.15773809525341273
101263,0.7340376984861507
101772,0.35437169315665346
103512,0.7358002646239552
100272,0.9685383598855027
104793,0.7038690476896826
104844,0.7314384921367857
100245,0.5880257937100397
108856,0.44052248681609785
104573,0.7856084656869576
102033,0.24105820108256615
105054,0.37097222225932536
107736,0.32839285717531747
100814,0.05261574074570106
108695,0.864269179980926
106011,0.933293650886865
103811,0.9485978836929233
105728,0.936524470993082
108963,0.12887235451001322
107951,0.6094113757221297
101805,0.13616732805582013
108360,0.2963425926221561
104347,0.816633597965463
102462,0.5272718254495238
100546,0.8149140212460052
103242,0.46563822755945766
100739,0.14689484128396824
100311,0.05583664021699736
103522,0.3827876984514286
107038,0.9926157408401455
101132,0.12448082011812171
105546,0.6980621693822088
100493,0.4994014550761773
104112,0.7131183863148546
107329,0.22314484129186507
102770,0.6845634921323015
107565,0.2770866402392989
100921,0.3282738095561509
108817,0.1561044973699339
108195,0.5418551587863889
103588,0.2675760582277249
106641,0.593402777836984
103960,0.9599437831648149
100039,0.08624669313050265
104460,0.023072089949034397
107127,0.9521461641164813
104279,0.4558465608917196
107130,0.52697751328041
102984,0.4803009259737038
105291,0.8394940477030556
106949,0.4278339947513757
100131,0.33571759262584655
105218,0.8015740741543123
108928,0.11022486773589947
102668,0.9175132276051324
107139,0.1982539682734127
103224,0.05723875661915345
101183,0.6512929894831878
105393,0.8650231482350529
100615,0.7209160053630292
108911,0.291078042357209
101467,0.6004001323352117
104498,0.500360449786045
103043,0.2741798942072751
100935,0.3554662698765079
102420,0.6319212963601456
105086,0.3947321428963492
103295,0.6845304233485584
106738,0.27771494711756617
107939,0.10794312170383599
104823,0.24274140214112438
100827,0.9279761905691667
101522,0.37343915347661377
106832,0.6787268519195503
102931,0.7732837302363095
104233,0.6766468254642858
100629,0.23148809526126984
104431,0.4558399471352646
103854,0.45100859792839953
100391,0.9351818784003307
104346,0.6874768519206218
108870,0.10181216932205028
107125,0.3435317460659524
105914,0.8763690477068254
103991,0.2671660053174339
100401,0.95783068792668
104807,0.8062764551072089
105136,0.8153935185999869
107912,0.2813822751602116
103360,0.7679662699180556
100047,0.24233134923035712
105658,0.4916699735943386
100489,0.9008564815718386
103994,0.6267261905389286
103643,0.484140211689299
103727,0.6573247355153705
108593,0.11974206350376985
105209,0.26814484129809524
106610,0.3413921958010847
105320,0.9506415344867726
100710,0.8858895503530424
107120,0.782496693200225
102422,0.8868022487660185
105605,0.04222883598268518
101751,0.6159986773105027
108952,0.43310515877293654
108015,0.4792195767674339
104063,0.27116071431250005
108745,0.1555787037187037
100339,0.8531646826255158
100216,0.3569775132637435
103664,0.16058862435457671
101342,0.16990079366750002
108586,0.7589120371132275
105617,0.3894576719965212
103895,0.8403802910893388
103641,0.29540343918296297
100330,0.4195238095649603
107694,0.32583994712216935
103005,0.20437169314181222
106961,0.4787996032221826
104091,0.8515145503499868
103116,0.25861111113706353
108841,0.5365873016421032
102323,0.3739384921004365
106668,0.6087003968862698
107010,0.6340839947723677
104198,0.33454034394867727
103550,0.8076455027262169
101459,0.21981150795829366
100172,0.5759093915921694
104204,0.9158465609382672
108375,0.7472949736199737
103570,0.04163359788736773
104227,0.286342592621045
105159,0.1543022486919709
107983,0.08525132275957673
106186,0.4800628307357672
108060,0.8485515873865078
100939,0.8048578043133598
100061,0.21646164023287034
101241,0.8342559524646826
105761,0.6847916667353572
105137,0.4927182540179366
108175,0.217870370391918
106857,0.8855125662264155
102121,0.04563492063900794
101525,0.30711640214699737
107618,0.6533267196421164
100154,0.5853670635505159
106345,0.3607837301951985
100482,0.9233201059125264
106123,0.8966832011482407
104461,0.12083002646689155
107675,0.7463789683286906
107102,0.08672949736291005
103921,0.579722222280119
107659,0.7682870371141006
107412,0.3320866402446164
101763,0.24770833335813494
107635,0.2782638889167064
107316,0.10163029101509259
100751,0.8713789683415873
101786,0.12384920636142857
108143,0.2720403439422884
107480,0.3512070106177249
106213,0.09993716932181217
104502,0.4941005291500132
104854,0.21002645504708992
102712,0.19440476192392858
106767,0.16319113758292328
107915,0.9353968254901588
104194,0.6301455027084788
101334,0.029007936510476194
101251,0.026402116404537043
106888,0.8878604498244181
102855,0.9437731482426323
100187,0.7491534392282804
101137,0.520611772539828
108449,0.01437500000123016
108736,0.3161541005607672
102059,0.8289087302423016
108198,0.7169345238813095
103851,0.12769510583256613
100149,0.2112433862638625
104125,0.7987929894980689
104890,0.06386904762519842
107931,0.9801355821085977
103364,0.5397751323292594
104789,0.3452546296639947
102867,0.8899702381846032
103777,0.5111474868241931
101387,0.9241335979761773
105942,0.5684986773065345
103068,0.24209325399257942
108093,0.4792460317961112
105696,0.8457076720421958
103630,0.0022850529102513228
108504,0.9682870371340608
104798,0.22251653441343916
107904,0.9773445768173545
103029,0.892185846650172
102970,0.9820469577702513
108352,0.1533763227664021
101709,0.9038326720483069
102954,0.7892460318252777
100455,0.41234126988170633
106965,0.6226917990048545
106137,0.006402116402711642
108179,0.9932043651789286
106412,0.1713128307046561
100610,0.27107142859833333
104264,0.5213558201582408
104827,0.3027480159030953
100646,0.30439814817826727
107455,0.7875099207137302
102075,0.6888525132964816
104053,0.9871726191463096
107960,0.28923611114000003
101623,0.41228505295112433
104684,0.04180224868022486
105498,0.8646263228382673
107142,0.8577050265416137
107321,0.034692460320555556
105797,0.1226455026574471
107185,0.42614087305777776
102082,0.5551851852411376
107078,0.3190013227830688
100041,0.638720238159246
105476,0.23688161378014552
102090,0.20657407409439157
103925,0.23188161377951058
102176,0.4108498677656217
107314,0.94764880961877
108319,0.5582308201621694
100075,0.8791699736333466
108338,0.1348611111243254
103799,0.4181216931630027
102658,0.1449173280562963
103181,0.0788723545050926
102077,0.0329067460345635
100442,0.9156812170226852
108297,0.16757936509603175
102052,0.8096693122502647
102542,0.4726322751791799
107403,0.3399107143193651
101302,0.6069742064098811
105878,0.6231183863056879
107369,0.6415079365723017
103431,0.031494708997645504
101305,0.6035714286321429
100237,0.47304232808939156
108794,0.7792559524588493
102600,0.21477182541801587
104617,0.19451719578640214
102574,0.09612764551193122
103281,0.5931779101123942
103187,0.7483134921380554
103954,0.48485449740271164
102769,0.3312533069108863
104832,0.8234391535217328
104224,0.7588194445206747
102107,0.6535052910705688
102680,0.581792328100463
107326,0.43304232808514553
102762,0.44708002649927253
104689,0.4154464286130556
105400,0.3902414021558069
101388,0.8295899471729232
102902,0.20354497356505294
103578,0.04037037037398149
107869,0.6288029101164021
108690,0.4623280423740343
107084,0.7188921958391403
108831,0.19375000001904766
107394,0.0287599206372619
105001,0.5233333333861112
105854,0.9565939154396297
101280,0.21710317462460316
108474,0.854950396911508
100805,0.7391567461056349
106405,0.5965740741337963
101556,0.8860714286604763
108533,0.6115013228123943
103191,0.45659722226769844
104567,0.07896164021949735
104803,0.5094675926437038
108700,0.0801851851931217
107167,0.9036739418894973
104842,0.15275793652277778
103595,0.18008597885371694
106036,0.2217923280643122
106853,0.1939616402310053
106959,0.4503273809970635
101921,0.3211541005609656
100514,0.3305423280750265
104178,0.9039120371275531
106844,0.07441798942517197
101309,0.8433432540528571
105668,0.09301587302484128
100915,0.4736408730630953
103453,0.8930456350104763
103696,0.1033333333434127
104243,0.3637797619407143
103157,0.1398214285852381
102199,0.14615740742157407
107841,0.3110251323060847
100775,0.8952777778679365
104426,0.211537698433254
106151,0.03411375661689155
106098,0.5475198413247618
100944,0.9665906085623547
100823,0.34923941802398156
106879,0.7272718254701587
105006,0.22216269843488096
106613,0.17167328044014554
104278,0.07509589947824075
100165,0.30478835981855823
105620,0.2475066137810582
104548,0.10070105821089947
103984,0.6599933863090609
102539,0.26774140214279096
106958,0.0074404761909126985
103192,0.21485780425387568
101312,0.35668650797182544
108397,0.2935019841563492
105208,0.2532605820359789
108560,0.918022486864471
107586,0.19873015874972225
105384,0.4383829365512699
108158,0.5220105820641932
103676,0.7921527778572223
107777,0.5033763228018784
107219,0.6723181217601059
106723,0.7650297619814682
103301,0.06486772487391536
103311,0.10006283069743388
106905,0.5993022487371693
107222,0.3632208995075265
100328,0.290016534420463
105887,0.8537764551119312
102491,0.7728373016650794
108719,0.2789417989695371
106104,0.3883664021549339
105955,0.3583597883954233
108692,0.42376984131170636
104409,0.4448544973987037
100833,0.4590707672414815
103080,0.9311904762836111
107517,0.8609887566999074
103463,0.3980456349598016
105298,0.13353174604492066
101824,0.2261441799167196
107644,0.35202711643699736
100055,0.48172619052484134
106231,0.685935846629418
104065,0.6476984127630159
103452,0.6688789683212302
106306,0.20661044975719575
101902,0.22047949737620373
101482,0.8441501323594974
104874,0.557033730214762
104896,0.6500297619696429
107811,0.15998677250232804
104151,0.8688657408278836
107069,0.8004166667468255
103336,0.12041997355687832
106017,0.9942030424275662
107812,0.8236474868552646
104927,0.12056216932395504
100947,0.3048247354801719
105798,0.31277447093074073
103294,0.032903439156216935
102162,0.6756845238769446
108848,0.6448776455674075
105084,0.1540443121844312
106646,0.8277910053742197
108235,0.8954067461215477
103058,0.6973247355196165
107343,0.014768518519867725
105491,0.9198941799864816
106734,0.5042427249185581
100769,0.5711309524380556
102066,0.3171825397140873
108547,0.0854199735532672
103496,0.09131613757490742
107312,0.5896560847151324
100286,0.1473776455170503
101501,0.8613624339489419
104525,0.298902116431918
108463,0.23275132277429897
102333,0.44435185189578047
102718,0.5467228836535186
102080,0.761210317536627
103390,0.05729497355048942
100723,0.5587863757176457
100952,0.5161739418508068
102483,0.32285714288904765
102263,0.33119708997962966
100990,0.8967328043226852
103213,0.5712235450308466
101760,0.590079365138254
108032,0.04278108465989418
104423,0.7645667990183863
106705,0.9559490741696693
105480,0.35071097887078045
101725,0.8758763228391403
105183,0.5383928571967858
108483,0.7371759259998943
100342,0.2055390211842196
103702,0.7966335979635186
104244,0.3581580688191402
100689,0.863019179981045
103433,0.21286044975620375
105204,0.7452116402859259
104945,0.6986772487471693
100967,0.4721362434333862
103121,0.09453703704612436
108531,0.27815476193265876
102204,0.9701455027426059
102714,0.6147685185799471
104758,0.21351851853939158
105099,0.35060846564318787
108418,0.8494841270696827
108587,0.24777777780253968
106321,0.5283994709522883
105281,0.6386507937149604
105976,0.6874074074760185
103573,0.7807671958453307
104806,0.7887136244175529
105300,0.6449140212282672
101991,0.9228306879232274
104121,0.9803339948070503
104760,0.4307440476615873
108025,0.040353835982288366
105299,0.9422949736392592
108380,0.7028968254676587
104972,0.33999338627723547
100955,0.23820767198116408
105035,0.2543683862691799
106784,0.8391666667506351
103601,0.4660019841734127
106491,0.07246362434556879
108581,0.2871693121978836
100475,0.03637235450052911
108064,0.49361772491748684
100386,0.400267857182381
107974,0.8844444445327382
102123,0.574586640269299
101626,0.3617129629990741
100537,0.9617129630591138
106388,0.218230820127209
108673,0.973994709092209
107971,0.012652116403227515
105033,0.7901719577510848
107834,0.19754629631597886
104213,0.9043121694029631
106457,0.2472817460567064
103508,0.07744047619817461
100202,0.9099735450648546
107305,0.6771130953057143
101333,0.6683101852518518
107113,0.11999007937674605
103503,0.1826157407585979
102709,0.10451058202089947
106031,0.7450165344663361
105032,0.9941534392530424
106515,0.7876455027247089
104663,0.8869543651682937
104022,0.16302910054525135
101855,0.5320205027005424
108482,0.721617063564246
102873,0.8005720900279233
103031,0.5203670635459524
101206,0.232298280446336
106564,0.6754596561517989
101646,0.600681216991455
103418,0.08978505291866404
103477,0.3267890211961243
108594,0.46743055560214286
102862,0.4386375661818519
101793,0.14370039683912697
105527,0.27485780426038364
106923,0.8802744709877249
103798,0.5130324074591535
103369,0.9023941799848942
103368,0.9491798942750531
103534,0.5264417989942991
107197,0.2469576719823545
108675,0.4690476190943651
105110,0.2696329365347619
106025,0.14476851853272488
103450,0.6032804233408201
107967,0.0300793650818254
100604,0.20141865081357144
103057,0.618872354559299
108359,0.7494279101277911
100127,0.9151058201973281
105960,0.8044312170116139
103877,0.7050562170020106
102936,0.5913624339212434
107301,0.48333664025977513
105444,0.3653637566505423
107152,0.2998941799241402
104452,0.22420965610675928
107148,0.725079365151865
103532,0.3739285714656349
102731,0.4784126984606746
100828,0.5662400794220636
101640,0.9621230159695635
107791,0.1452314814955291
107137,0.08439814815628308
100985,0.674702381019762
103282,0.24595899473347888
108972,0.6033994709597488
107784,0.7557175926681878
102189,0.5035085979338757
102266,0.589679232862963
102444,0.5187334656606879
100363,0.4645701058662963
102350,0.7724933863210053
100346,0.2707969576988227
100815,0.8049834656891006
106167,0.29007605823030425
104808,0.4586838624794577
103206,0.5327314815352117
108129,0.8500892857995634
102920,0.6388293651434523
105962,0.32655092595794977
103326,0.06709325397492064
104107,0.6836474868408599
105780,0.6963194445140477
102117,0.26380621695740747
107451,0.86262235458418
101835,0.2899338624628704
100794,0.5012037037555291
107460,0.6460383598529232
101956,0.8056514551072488
106899,0.6959589947786774
102675,0.35789682543198414
100095,0.6257837302215874
108124,0.022321428573333333
104226,0.1342361111243651
103757,0.8415178572276191
102892,0.9351917990355293
102372,0.9424305556498016
108647,0.10837962964042329
108101,0.3077777778083334
107429,0.731243386316918
108448,0.6495205027102249
103229,0.331580687863545
106159,0.5299834656617196
107864,0.19418981483394182
107092,0.9186607143778176
106360,0.38944444448325405
105997,0.10467923281486773
108265,0.4059126984528969
108468,0.1816732804412963
107327,0.8509986773340742
106029,0.6062136243992592
102854,0.874398148236045
108634,0.17567460319182543
102913,0.2671560846827116
101866,0.8804166667548812
105755,0.546537698469008
104613,0.6438591270486509
107690,0.1450000000140873
101858,0.5450595238642858
102646,0.5096197090483597
102244,0.12711970900744707
105374,0.4845734127469842
102337,0.2709391534664947
100951,0.18683862435699738
107579,0.8137599207162699
108401,0.7871825397613889
103069,0.5213756614277647
101121,0.14395171959060848
107609,0.21966269843432537
102598,0.46270502650105827
102205,0.6451984127633333
100420,0.4776719577194577
100923,0.5254993386770768
101255,0.038905423283915344
100478,0.5540410053467196
102036,0.5859523810109127
105409,0.36165674606805553
105789,0.4229530423696296
105743,0.36322089950709
107183,0.7619378307643387
107668,0.8970403440052647
105568,0.9456216932163758
106698,0.518931878359061
108136,0.4829662698896429
101203,0.388753306916918
106535,0.39931878310802915
102627,0.5673478836562963
105766,0.5636144180460451
108818,0.41476190480333336
101971,0.7066335979543519
103111,0.23741402118767196
104019,0.6016964286315873
102152,0.5148015873550794
103688,0.7544113757367725
104917,0.8359193122530821
101998,0.12945436509214286
104034,0.03163359788629629
104599,0.9825429895162433
103055,0.3547321428928175
101249,0.8360350529934656
102193,0.5861309524394446
102713,0.8439153439996694
100993,0.5686937831258069
102191,0.17346891536133602
104671,0.3364748677583598
105143,0.24260251325179896
105985,0.8860416667552382
106566,0.2239715608687037
107805,0.008492063492976192
103763,0.5349834656619973
106944,0.8689517196644181
103598,0.858809523895516
104712,0.5249900794176587
101319,0.9164847884513361
101864,0.24196428573845238
102344,0.14413359789752644
102450,0.07183201058899472
102137,0.6816236773168518
101066,0.9967890212637036
105869,0.8545370371229101
100601,0.6158267196382275
104228,0.7293716931946693
102622,0.052291666671666674
107578,0.015687830689140213
100078,0.803277116482434
107547,0.39311177252566143
102899,0.08349206350007939
106149,0.4128802910465608
107333,0.2145039682748016
104821,0.03334325397150794
101315,0.7956779101327514
108367,0.7404199736191404
105948,0.5163822751842195
106414,0.9972784392533599
108008,0.86048280431959
105469,0.24551256616208997
105952,0.08416666667484127
103392,0.09930886244342595
105416,0.04049933862806879
102561,0.8799603175484128
108163,0.8682539683413095
102636,0.9899570106810583
105257,0.8902017196660055
103531,0.693406084725648
101909,0.42416005295203707
100236,0.9211772487697091
101605,0.54414021169541
107985,0.8359755291843783
103491,0.6531117725522884
101995,0.11061507937583334
102825,0.35463955030006616
108350,0.7895436508725397
101343,0.8940112434762038
101620,0.5021064815321561
105288,0.5421957672504498
102061,0.9482275133226323
108958,0.6819675926605292
102220,0.48291005295794975
106039,0.6157242064109126
100261,0.8634854498221165
108425,0.5777050265127647
103745,0.9070436508846429
102027,0.1307804232933201
106989,0.9632870371334656
104235,0.32913690479452384
101918,0.3179431217246297
101829,0.952933201153479
106234,0.25380952383515876
108394,0.13141534392820106
106284,0.05574074074621693
104209,0.6600429894839817
100225,0.8597519842136112
106470,0.12569113757871694
108470,0.2939947090239947
100847,0.1664087301751984
104290,0.1199768518635979
105561,0.6611408730821431
102552,0.6113789683152381
100118,0.6496825397476191
105967,0.827334656167315
108196,0.6484060847208863
107490,0.5645072751891007
100006,0.973974867822328
105343,0.6505291005939418
104325,0.8385548942639817
101064,0.6444576720221165
102591,0.5074007937017461
103736,0.9903703704694579
103518,0.27549933865219584
106987,0.5107771164534259
106768,0.855787037122672
105623,0.9390013228452118
101606,0.5865443122280821
101734,0.4093353175009524
108403,0.30998346563945767
103813,0.20378968255984128
108658,0.3031117725169312
101762,0.7280390212368385
105402,0.5012367725368916
102740,0.1063558201160979
102473,0.8708432540556746
106739,0.11271164022287038
106892,0.4211375661793915
107944,0.6178207672578704
104207,0.5495767196322752
106372,0.999384920734881
100233,0.4060648148553307
108259,0.6401355820747884
107562,0.5982638889485317
106169,0.24348214288123016
103597,0.4233234127406349
106289,0.22364417991711644
104633,0.015605158731587302
100126,0.820780423362963
107642,0.3312202381281349
106230,0.23251653441466932
101297,0.5961044974139021
101977,0.15724537038560849
108527,0.16895171959346558
105751,0.1618849206508333
108153,0.1631051587463492
103087,0.10402116403132275
108341,0.7919411376453043
106883,0.37022817464019847
108370,0.4493121693568122
107674,0.6760714286387699
103346,0.5338756614296694
108173,0.3904695767583466
108478,0.8799041006172356
105871,0.9233134921561111
106507,0.766306217007844
102798,0.8839649471783599
100919,0.16610780424931218
101647,0.49623346565830684
105123,0.06657407408050264
105127,0.6341931217566932
104622,0.6389153439793915
106810,0.9715178572400397
100365,0.6618750000659523
102126,0.9385978836916932
108151,0.16338624340251323
100056,0.05170634921119049
100639,0.7013194445147619
100303,0.2318220899706614
105812,0.87042328051082
101277,0.9010813492967857
104433,0.25542989420548945
103645,0.6202281746651587
104144,0.06538359789014551
102879,0.02337962963165344
106494,0.5349404762445635
105241,0.46133267200394185
108465,0.5382539683081747
106938,0.3909920635309921
107241,0.5044411376168518
102594,0.8182804233626059
102394,0.19852843917308202
100524,0.07925264551054233
106377,0.4607076720043386
106982,0.6771031746708334
106678,0.44363756618189154
103901,0.865168650880635
108668,0.5958531746640874
105586,0.3802910053288228
108421,0.31111772489863765
107957,0.9199933863352513
107571,0.159454365095
106778,0.2592328042587963
100672,0.07678571429329366
104189,0.7538558201812964
100667,0.8257605820936772
103267,0.9764616403095371
101888,0.636322751386402
107688,0.7242857143579763
106032,0.44371362438259254
106091,0.7475066138315742
106239,0.34993386246925934
107351,0.6602546296957013
107831,0.6183134921253572
100761,0.7004927249384393
106255,0.33162698415972225
101907,0.045922619051825396
103819,0.23882936510333333
106270,0.9937070106816536
104301,0.3831580688210053
105570,0.7030026455732407
107942,0.7458796297042726
104165,0.8531712963818915
105972,0.7106183863148149
103580,0.6008564815416799
102833,0.5215277778297619
105450,0.07807870371152116
103473,0.6788789683214683
106328,0.17117063493765872
100138,0.19178240742641536
107044,0.8641600529967594
104893,0.9725727514200926
102181,0.9875628307867197
107731,0.3430820106160979
103178,0.6008465609070769
104855,0.27960648150957673
104638,0.7580787037794577
105116,0.5116236772997488
107649,0.10905753969313492
104262,0.77042658737877
101332,0.3525694444803175
107003,0.060165343921058205
106942,0.9759292329020502
108018,0.15927579366650793
106242,0.7818088625122356
108988,0.34807539685984124
106882,0.0766501322823545
104531,0.4376124339061641
104674,0.5771792328620503
106997,0.4000099206745238
101253,0.34450396828821434
103375,0.07715608466334656
102815,0.7995899471697488
104720,0.5650859788928836
106545,0.506031746082619
104859,0.0046362433865608475
107902,0.11976521165183864
101078,0.6828075397505159
104364,0.3565476190826587
100771,0.01098875661478836
100250,0.229388227535926
107240,0.0014583333334523812
103420,0.12195436509142857
104977,0.7048478836685582
104545,0.1555952381101984
105566,0.41784722226317467
107940,0.8833366402999736
100717,0.8477612434709656
108684,0.5677447090518917
102049,0.8539914022021562
105998,0.25632605822677246
106601,0.6215608466229895
107246,0.30600529103568785
104179,0.8536441799792989
104810,0.27689814817592595
108529,0.6941600529794973
107141,0.6896263228203307
107191,0.19174933864318783
101461,0.790535714364762
105990,0.966726190573016
102001,0.47114087306361113
108176,0.43264880956642865
100405,0.5780886243962433
100385,0.6668617725532805
108534,0.10488756614800265
101634,0.310089285745
108597,0.17978174604968253
104785,0.8343584656921164
108505,0.8416898148992197
106971,0.048690476194960315
103926,0.9724074075046693
104159,0.8112136244200528
107450,0.3477843915687963
108416,0.15444775133751326
102194,0.8647123016743254
101016,0.3934490741127249
105125,0.03108465608739418
107419,0.34427579368496036
107410,0.8501521164872752
102872,0.05100859788835979
100010,0.2930324074368518
101839,0.4085747354897752
104805,0.7687698413471032
100256,0.48876984131861106
107027,0.3807374339002117
105714,0.7955853175399604
103325,0.4041005291403705
107715,0.6243187831313625
101582,0.09753637567082013
100925,0.049649470904074074
102780,0.5418253968796826
107892,0.5293849206886112
106133,0.19910383599832013
105321,0.0937996031836508
107313,0.9794279101508861
107103,0.4673974868189551
106043,0.4774371693605821
103776,0.39923941802886254
104836,0.20426917991461643
104965,0.14163690477551588
100540,0.6211904762526589
107484,0.509890873067262
102746,0.13185515874309525
103720,0.5084126984634921
106820,0.894619709084352
104469,0.19971230160710318
100668,0.39394841273746034
107576,0.3337665344245503
105064,0.6593353175265079
101354,0.8044874339428705
107115,0.4255125661798281
108962,0.13912367726208993
102704,0.8548842593451721
103331,0.19140873017726193
108054,0.9640079366045238
103585,0.3141964286027381
108494,0.479606481529537
105646,0.6908498677941535
103377,0.7780555556334127
101257,0.09593253969166667
106191,0.6304927249307408
105349,0.4146263227927911
104176,0.45793320110375657
104911,0.28362764553097886
101853,0.6528273810177382
106317,0.5178835979353836
108867,0.8102314815627116
102106,0.9045667990326324
100134,0.18283068784886244
105030,0.6353571429207541
100929,0.48897486777387567
100824,0.6699007937178969
107577,0.5258134921168651
101532,0.10918650794746032
101215,0.5896792328630821
100505,0.1620899471060582
106531,0.44063492067837307
103073,0.1728108465780291
106620,0.12388888890091272
103710,0.3909457672342593
104850,0.9320568784000529
104749,0.2467361111357143
104269,0.2593154762163095
108890,0.8152116402933068
104187,0.7347288360524868
105302,0.340674603208373
102924,0.48977182544626985
106589,0.5411640212182672
101811,0.22625000002242066
103487,0.29847222225226194
107420,0.9860813493049605
103142,0.8862202381840477
101325,0.5286044974077118
104313,0.9207738096160715
107495,0.19061177250554234
108550,0.5143386243901721
105542,0.6466865080009129
106173,0.6104332011193122
101541,0.9957341270839286
102682,0.4840443122174868
108894,0.9682175926894974
106314,0.4357936508371429
101192,0.4715178571896825
105294,0.987635582109352
101543,0.13606481482810848
107057,0.16341600530723546
102540,0.038998015876547616
100954,0.9495899471851456
107242,0.7351521164761243
106732,0.775902777855516
104847,0.766445105896971
106802,0.11925925927080688
108011,0.4456018518968519
104331,0.2288988095464683
105335,0.018343253969999997
107331,0.07584656085370371
104730,0.3419609788697884
106542,0.8157341270661905
105306,0.9829695768179497
105162,0.15910383599435185
107861,0.7290806879037831
102157,0.2883498677536376
101063,0.8494080688685849
101168,0.06318121693720902
103637,0.7732572752098148
107652,0.3562003968609524
105589,0.26444444447158727
107193,0.7788161376442327
104492,0.6995205027155027
107267,0.5558862434431084
104981,0.8197387566957012
108336,0.29848214288686514
108956,0.05586970899978837
104947,0.7603273810286509
102783,0.8854497355382672
100718,0.9874503969242461
102503,0.20536706351246029
104361,0.4114914021570768
104172,0.8171428572244842
108083,0.04956018518998678
108782,0.6769477513903308
100396,0.23035383600169312
107187,0.9886276456016139
108964,0.8116038360601058
104493,0.2534060846814418
101366,0.46097552914628315
108571,0.7717989418764022
105918,0.6730489418659656
104969,0.3480456349560715
102915,0.8298644180727512
105645,0.7274107143587698
103767,0.8656746032617064
103441,0.5365443122254233
107358,0.3782936508313889
106807,0.796441799021561
102144,0.7591005291765608
105105,0.7830125662158599
105074,0.29705026457990735
101572,0.7230158730880952
104080,0.37910052913767195
101123,0.6177744709611377
102787,0.4786640212116402
102968,0.7177248677964153
102505,0.49955357147956353
105989,0.7689417990187831
107165,0.7780324074856614
100729,0.6981051587999604
107588,0.43892195771497355
107544,0.43802579369460315
100413,0.058710317465952386
105746,0.46870370375009257
107669,0.1118452381063492
100826,0.2843386243669974
103268,0.1412830687967196
103975,0.8763392858021429
108307,0.0075231481487830695
100418,0.4192757936925397
106749,0.037784391537605815
102083,0.5093716931728837
103374,0.7020667990121958
105727,0.4467361111559524
104108,0.08495370371179894
104381,0.4267228836399471
107724,0.05413690476702381
101067,0.1572850529255291
103914,0.685439814883545
105537,0.41030423284546297
108003,0.5538293651359524
105388,0.7400099207090477
105733,0.4393683862865609
102739,0.687437169381217
105053,0.6939384921327382
104001,0.047824074078478836
102428,0.26376984129607145
106834,0.9849669313153837
101688,0.17052248678939155
100852,0.7926488096032936
106304,0.703197751393188
105879,0.19357473546898146
108528,0.44486772491185184
102840,0.15852182541218254
104612,0.14814814816283073
102490,0.4648941799408863
106906,0.8243187831514021
107391,0.36706018522208994
102850,0.5397982804776853
106666,0.8456183863278703
105882,0.9163492064408731
104453,0.08549603175448413
107422,0.36695436511619045
106485,0.6163161376279234
102480,0.3547023809876587
106618,0.04564484127396825
102142,0.9097585979748678
105189,0.2689054233075264
102745,0.8181084656906085
107254,0.2724735450007275
103507,0.5054662698919048
101680,0.5032539683044048
104250,0.33779431220268524
103148,0.818779761987143
108131,0.3669477513594974
107005,0.6822718254649206
100581,0.039434523813095236
104071,0.179685846578545
103344,0.4765873016351191
107405,0.5120568783581084
103673,0.6480687831337435
100560,0.4917328042821296
105238,0.24067791007683864
107806,0.8418121693963755
100513,0.4487301587746826
101082,0.2809358465889021
101665,0.9020932540586508
101932,0.7307804233534393
108697,0.6122519841882144
101151,0.5538062169870503
102839,0.7455026455773281
105950,0.8906878307770768
108309,0.33753306881664025
105178,0.6550297619701986
100831,0.5245667989941799
108312,0.05057208995161376
104753,0.42429563496293654
108747,0.13206349207650792
100636,0.8708134921507541
104466,0.21820436510071434
106800,0.05916005291560847
107988,0.7442228836724868
107080,0.08807539683396827
106967,0.7899206349999206
104143,0.7235846561570372
107028,0.9185714286631746
100877,0.9814351852833202
104870,0.571223545031045
105316,0.023280423282288364
105223,0.48921296301177253
100005,0.38511243390064814
103052,0.3197552910372751
105692,0.02888888889138889
103125,0.021203703705529105
102492,0.7799107143637302
103855,0.10044973545945768
104778,0.13766534392867724
107510,0.6881712963651853
106458,0.09253637567030423
106294,0.4604993386706878
101149,0.5409788360345106
100575,0.7174537037756085
103770,0.0425595238134127
104147,0.7781216931998678
100854,0.3948809524200397
105920,0.3795502645881217
106615,0.9411078043268122
106003,0.23877314817183862
104496,0.19034060848417989
108174,0.22768187832933864
106656,0.0626124338682672
102369,0.09936838625291006
104781,0.6334358466243784
107993,0.0677810846625926
102951,0.71833002652709
105626,0.4906018519007408
106972,0.337192460351508
101842,0.7024404762610318
105987,0.7463492064239682
100538,0.7280324074801853
102807,0.6815575397504365
105802,0.932242063585119
105597,0.7685152117171562
107207,0.6809755291683466
107344,0.9262764551192331
107561,0.59625330693791
108097,0.43295634924900794
100785,0.5393253968806746
101410,0.6572585979494708
100155,0.6861144180577513
107807,0.20142526457030427
103010,0.34122023812892854
101687,0.5250132275673942
104015,0.9384986773425267
107456,0.8226884921459128
103864,0.622972883660344
102734,0.40241402120433867
101896,0.12442460318686509
105443,0.3151388889203175
100570,0.2147023809734127
106710,0.7574537037796165
105855,0.5843220900053042
101817,0.6864120371050529
108320,0.9448842593539021
103395,0.04565145503046297
103328,0.6302546296930424
108983,0.2151653439362963
106103,0.6099636243994181
102976,0.7595171958433069
100981,0.3388128307224339
100191,0.14689814816247354
105089,0.37468915347665344
100700,0.7585846561605291
108781,0.19162037038917992
100607,0.8099669312979234
100302,0.0686408730225
103421,0.004054232804510582
108822,0.5498048942359657
101061,0.6146395503257408
103445,0.2056283068989815
101070,0.6283796296927647
102206,0.32947420638150793
107340,0.1422652116539021
108209,0.2959755291300133
107680,0.2594113756872884
104643,0.20126653441153441
107684,0.39783730162658737
107997,0.9860582011570106
105601,0.6983366402817197
107023,0.596550925985291
104894,0.6160780423907407
100226,0.42187500004178574
103355,0.6888756614445899
105896,0.732417328115582
103437,0.11427910054048943
101694,0.01027447090042328
106894,0.29234457674870373
101046,0.01618055555702381
103447,0.15553240742244712
108051,0.342916666700635
108982,0.20654100531128305
104736,0.3880820106200265
104497,0.7630191799706084
101219,0.023320105822208993
106016,0.8477248678097091
103988,0.9254199736378307
104912,0.15135912699873016
104494,0.18012896827146826
106945,0.768816137643241
105700,0.8247123016701191
108353,0.730400132348029
100957,0.7510449736201324
102870,0.30574074077121693
104434,0.9613029101492196
104974,0.3429166667006746
102962,0.7692592593364022
102201,0.44992063496539686
100099,0.5797486773066535
108864,0.7692989418762435
102558,0.8937533069680292
108446,0.006653439153955027
104200,0.8553538360648677
105540,0.2879332010868122
101649,0.6163095238709126
106198,0.5961871693716136
106296,0.6545370371022753
104500,0.3741832010955423
101155,0.38241732808022494
102256,0.9356084657018783
103171,0.4149470899878836
107401,0.09172619048507938
107159,0.8029464286517858
103109,0.5362830688381482
104549,0.08900793651666666
105424,0.23948082012943128
102050,0.9711309524779365
108815,0.10055224868693123
100263,0.35689814818334653
104062,0.31723544976703705
105535,0.7479993386992593
106617,0.5507969577273943
108121,0.16401455028109793
108156,0.9434887567082011
101803,0.19135251324679894
104737,0.1171197090062963
102386,0.8485152117250927
106695,0.03566137566474868
105760,0.5417526455576456
101960,0.9636507937471825
102977,0.477572751371045
108681,0.3461375661724868
101844,0.19338624340513227
101735,0.3810449735830688
102912,0.5195370370890608
108339,0.9777810847539418
101987,0.9064980159639286
106547,0.8850628307768387
107099,0.45682870374890217
102812,0.40521825400813494
100660,0.6787334656762039
102512,0.08172949736247355
104283,0.438333333376627
108801,0.9937268519512963
106288,0.9617757937470237
101931,0.37328042331712963
107126,0.09777777778726189
100198,0.295337301616627
107778,0.11652116403247355
102932,0.9689847884567329
108005,0.9595667990378703
102328,0.24798611113599206
104390,0.6538326720229894
104219,0.9603670635884127
100203,0.1551124338778307
103511,0.8527347884451456
104932,0.834050926009418
105536,0.5337962963496297
105792,0.5236078042850661
101708,0.6419279101168783
105173,0.5014153439653043
105250,0.649093915408598
106529,0.18604497356318786
108863,0.3193452381270239
105856,0.013442460318611111
108165,0.18910383599732805
100855,0.6567361111769445
104738,0.7263756614481218
100699,0.574503968311508
103697,0.6984656085353703
101637,0.45044642861670636
107281,0.5341269841805556
107555,0.4149140212056879
103582,0.009877645503637567
101292,0.3598710317824604
106586,0.742324735524061
101854,0.4375760582441535
105233,0.7092559524519841
103764,0.2685912698677381
103305,0.43709656088945775
101496,0.9466071429520239
107995,0.30655753971289684
101999,0.8926917990313625
100664,0.617853836040463
103749,0.41506944448515876
104414,0.1918849206535318
105531,0.9559556879263228
105576,0.21881613758808202
107527,0.2144014550473677
105865,0.8915575397719842
106777,0.6207671958292592
101307,0.023485449737513226
107393,0.6291203704338227
105593,0.2699702381219842
101664,0.4491699735895767
105451,0.894553571518254
103628,0.9349470900404631
102694,0.23120701060478838
105916,0.7143551588020237
103158,0.44088293655194455
106669,0.26784722224853175
101060,0.8592824074937964
104637,0.46682208999339947
103243,0.3545072751681085
101679,0.7937136244179894
106893,0.4546924603626984
106375,0.3105621693430026
107575,0.8205952381774603
101758,0.6250694445071032
106020,0.9674239418956482
105117,0.5256349206875397
108756,0.260962301613373
107409,0.6093915344539155
102791,0.8341600529934258
100864,0.39983134924591274
107859,0.21883597885744713
101485,0.9327182540615081
107036,0.28119708997522486
107722,0.7699305556329763
105978,0.7619808201822884
105135,0.1546230158879365
100207,0.07951719577485451
104489,0.8079728836787567
106939,0.5870866402702117
106911,0.5659093915910582
100503,0.30741732807300265
107386,0.7425066138310978
101029,0.40034722226186514
103841,0.33415013230822754
108111,0.13237764551562173
105057,0.05496031746559524
108155,0.6100859788968123
102732,0.2880257936793254
102455,0.8379001323590608
107216,0.9177447090864947
103105,0.7598809524571033
108393,0.9583432540641269
106279,0.6397156085295371
103100,0.7521031746782936
106185,0.38484788363621697
103562,0.5702050265124471
105893,0.12759589948328043
100392,0.9683498678217329
106737,0.7503406085406878
105619,0.6941137566831613
105259,0.39218584659985456
102696,0.01648809523964286
102028,0.3622089947453439
105464,0.9908664022155689
102569,0.6253009259887037
108007,0.7891931217718917
100065,0.6640707672623546
102063,0.8179761905580161
105277,0.9920701059193519
107209,0.24049933864818784
108685,0.8305125662211773
108572,0.7148082011297091
106332,0.11101190477305554
104860,0.46604828046978836
104888,0.8540443122550265
100879,0.5936607143448412
108530,0.6176620370989419
107917,0.3696031746403572
106864,0.32389219579933864
107893,0.24221891536812173
106440,0.5620171958237038
107870,0.7254960318186111
101017,0.17029761906476196
107630,0.46412698417353176
100996,0.033842592595449736
104298,0.3304563492388492
100162,0.5835582011177249
105676,0.595489418049418
106874,0.9861772487759788
107990,0.3526620370718783
103844,0.6945866402810053
101022,0.004685846561243386
103074,0.7620734127747619
107556,0.5083597884129234
103944,0.06569775132886244
101586,0.4054034391933995
103153,0.16455026456661376
108227,0.06803240741427248
100776,0.9936342593587434
107100,0.06626653439800265
105487,0.5156150794167065
106236,0.705853174674127
107042,0.6587797619706747
102613,0.1800000000177778
107514,0.2755720899746296
108434,0.3029761905061905
108793,0.9611607143819049
105394,0.02077050264728836
108839,0.5375992064037699
103891,0.17506283070517195
103557,0.33079695770477513
101529,0.7172916667383334
101268,0.7140773810236508
107735,0.9077050265461774
101900,0.8417956350049207
104659,0.4983399471407011
103006,0.22729497356735454
102735,0.4118981481891799
100190,0.7079894180603307
102748,0.4278306878736641
102048,0.007109788360542328
107850,0.10490740741776457
102559,0.5508267196321958
108667,0.8147916667480557
106397,0.5849470900054629
103386,0.7615939154203043
104556,0.9840476191461508
101185,0.10892526456113756
106421,0.31386574077212964
105052,0.25238756616284397
105312,0.4610615079824206
102434,0.1399966931352249
106950,0.6861970900153838
100770,0.7794874339404102
101686,0.5378306878847356
108323,0.31401785717408737
105579,0.9565178572387699
104427,0.4503009259706482
100467,0.8234589947917329
106266,0.4618353175061508
105735,0.7322189154173281
105192,0.8140476191291668
105391,0.4555390212094181
100861,0.6682208995375266
107271,0.5306316138099075
